<desktopflowbinary desktopflowbinaryid="e639fbb3-6e0b-4da1-b062-d4e03579238e">
  <data mimetype="application/json">ConnectorDefinition_8aa721d9-e666-437a-bb51-922adf6f0d91.json</data>
  <iscustomizable>1</iscustomizable>
  <metadata>{}</metadata>
  <mimetype>application/json</mimetype>
  <name>Desktop flow connector definition</name>
  <process>
    <workflowid>964c3851-8dd1-44cf-83ef-57053a84ce10</workflowid>
  </process>
  <reference>/providers/Microsoft.PowerApps/apis/shared_commondataserviceforapps</reference>
  <statecode>0</statecode>
  <statuscode>1</statuscode>
  <type>ConnectorDefinition</type>
</desktopflowbinary>