<desktopflowbinary desktopflowbinaryid="aa812382-a605-4ca2-99d9-cb7831963496">
  <data mimetype="application/json">ManifestFile_aa812382-a605-4ca2-99d9-cb7831963496.json</data>
  <iscustomizable>1</iscustomizable>
  <metadata>{}</metadata>
  <mimetype>application/json</mimetype>
  <name>Desktop flow manifest file</name>
  <process>
    <workflowid>964c3851-8dd1-44cf-83ef-57053a84ce10</workflowid>
  </process>
  <reference>flow.manifest</reference>
  <statecode>0</statecode>
  <statuscode>1</statuscode>
  <type>ManifestFile</type>
</desktopflowbinary>