<desktopflowbinary desktopflowbinaryid="a895c86d-c7d1-45dd-b2cd-3e096d00093c">
  <data mimetype="application/json">ImageRepository_9ff30e49-456e-4294-aa12-47f8ca4ab6af.json</data>
  <iscustomizable>1</iscustomizable>
  <metadata>{}</metadata>
  <mimetype>application/json</mimetype>
  <name>Desktop flow images</name>
  <process>
    <workflowid>964c3851-8dd1-44cf-83ef-57053a84ce10</workflowid>
  </process>
  <reference>imageRepo.imgrepo</reference>
  <statecode>0</statecode>
  <statuscode>1</statuscode>
  <type>ImageRepository</type>
</desktopflowbinary>