{
  "ConnectorId": "/providers/Microsoft.PowerApps/apis/shared_commondataserviceforapps",
  "Definition": {
    "Id": "/providers/Microsoft.PowerApps/apis/shared_commondataserviceforapps",
    "Name": "shared_commondataserviceforapps",
    "Properties": {
      "IsCustomApi": false,
      "Swagger": {
        "basePath": "/apim/commondataserviceforapps",
        "definitions": {
          "Object": {
            "additionalProperties": null,
            "example": null,
            "properties": {},
            "type": "object",
            "default": null
          }
        },
        "host": "unitedstates-002.azure-apim.net",
        "info": {
          "title": "Microsoft Dataverse",
          "version": "1.0"
        },
        "parameters": {},
        "paths": {
          "/{connectionId}/api/data/v9.1.0/{entityName}": {
            "get": {
              "consumes": [],
              "deprecated": false,
              "description": "List rows from a table in a Power Platform environment.",
              "externalDocs": {
                "url": "https://docs.microsoft.com/connectors/commondataserviceforapps/#list-rows-from-selected-environment"
              },
              "operationId": "ListRecordsWithOrganization",
              "x-ms-pageable": {
                "nextLinkName": "@odata.nextLink"
              },
              "parameters": [
                {
                  "in": "path",
                  "name": "connectionId",
                  "required": true,
                  "type": "string",
                  "default": null,
                  "x-ms-visibility": "internal"
                },
                {
                  "in": "header",
                  "name": "prefer",
                  "required": false,
                  "type": "string",
                  "default": "odata.include-annotations=*",
                  "description": "The header parameter required to make Microsoft Dataverse return the created resource",
                  "x-ms-summary": "Prefer",
                  "x-ms-visibility": "internal"
                },
                {
                  "in": "header",
                  "name": "accept",
                  "required": false,
                  "type": "string",
                  "default": "application/json;odata.metadata=full",
                  "description": "The header parameter required to make Microsoft Dataverse return the odata id",
                  "x-ms-summary": "Accept",
                  "x-ms-visibility": "internal"
                },
                {
                  "x-ms-dynamic-list": {
                    "itemsPath": "value",
                    "itemTitlePath": "FriendlyName",
                    "itemValuePath": "Url",
                    "operationId": "GetOrganizations",
                    "parameters": {}
                  },
                  "in": "header",
                  "name": "organization",
                  "required": true,
                  "type": "string",
                  "default": null,
                  "description": "Choose an environment",
                  "x-ms-summary": "Environment",
                  "x-ms-visibility": "important"
                },
                {
                  "x-ms-dynamic-list": {
                    "itemsPath": "value",
                    "itemTitlePath": "DisplayCollectionName/UserLocalizedLabel/Label",
                    "itemValuePath": "EntitySetName",
                    "operationId": "GetEntitiesWithOrganization",
                    "parameters": {
                      "organization": {
                        "parameterReference": "organization",
                        "value": null
                      }
                    }
                  },
                  "in": "path",
                  "name": "entityName",
                  "required": true,
                  "type": "string",
                  "default": null,
                  "description": "Choose a table",
                  "x-ms-summary": "Table name",
                  "x-ms-url-encoding": "double"
                },
                {
                  "in": "query",
                  "name": "$select",
                  "required": false,
                  "type": "string",
                  "default": null,
                  "description": "Enter a comma-separated list of column unique names to limit which columns are listed",
                  "x-ms-summary": "Select columns",
                  "x-ms-visibility": "important"
                },
                {
                  "in": "query",
                  "name": "$filter",
                  "required": false,
                  "type": "string",
                  "default": null,
                  "description": "Enter an OData style filter expression to limit which rows are listed",
                  "x-ms-summary": "Filter rows",
                  "x-ms-visibility": "important"
                },
                {
                  "in": "query",
                  "name": "$orderby",
                  "required": false,
                  "type": "string",
                  "default": null,
                  "description": "Columns to sort by in OData orderBy style (excluding lookups)",
                  "x-ms-summary": "Sort By",
                  "x-ms-visibility": "important"
                },
                {
                  "in": "query",
                  "name": "$expand",
                  "required": false,
                  "type": "string",
                  "default": null,
                  "description": "Enter an Odata style expand query to list related rows",
                  "x-ms-summary": "Expand Query",
                  "x-ms-visibility": "advanced"
                },
                {
                  "in": "query",
                  "name": "fetchXml",
                  "required": false,
                  "type": "string",
                  "default": null,
                  "description": "Enter a Fetch XML query for advanced customization",
                  "x-ms-summary": "Fetch Xml Query",
                  "x-ms-visibility": "important"
                },
                {
                  "in": "query",
                  "name": "$top",
                  "required": false,
                  "type": "integer",
                  "default": null,
                  "description": "Enter the number of rows to be listed (default = 5000)",
                  "format": "int32",
                  "x-ms-summary": "Row count",
                  "x-ms-visibility": "important"
                },
                {
                  "in": "query",
                  "name": "$skiptoken",
                  "required": false,
                  "type": "string",
                  "default": null,
                  "description": "Enter the skip token obtained from a previous run to list rows from the next page",
                  "x-ms-summary": "Skip token",
                  "x-ms-visibility": "advanced"
                },
                {
                  "in": "query",
                  "name": "partitionId",
                  "required": false,
                  "type": "string",
                  "default": null,
                  "description": "An option to specify the partitionId while retrieving data for NoSQL tables",
                  "x-ms-summary": "Partition ID",
                  "x-ms-visibility": "advanced"
                }
              ],
              "produces": [
                "application/json",
                "text/json"
              ],
              "responses": {
                "200": {
                  "description": "OK",
                  "schema": {
                    "additionalProperties": null,
                    "example": null,
                    "properties": {
                      "value": {
                        "additionalProperties": null,
                        "example": null,
                        "items": {
                          "additionalProperties": {
                            "$ref": "#/definitions/Object"
                          },
                          "x-ms-dynamic-properties": {
                            "itemValuePath": "schema",
                            "operationId": "GetMetadataForGetEntityWithOrganization",
                            "parameters": {
                              "organization": {
                                "parameterReference": "organization",
                                "value": null
                              },
                              "entityName": {
                                "parameterReference": "entityName",
                                "value": null
                              },
                              "selectedEntityAttributes": {
                                "parameterReference": "$select",
                                "value": null
                              },
                              "expandEntityAttributes": {
                                "parameterReference": "$expand",
                                "value": null
                              }
                            }
                          },
                          "example": null,
                          "properties": {
                            "dynamicProperties": {
                              "additionalProperties": {
                                "$ref": "#/definitions/Object"
                              },
                              "example": null,
                              "type": "object",
                              "default": null
                            }
                          },
                          "type": "object",
                          "default": null
                        },
                        "type": "array",
                        "default": null
                      },
                      "@odata.nextLink": {
                        "additionalProperties": null,
                        "example": null,
                        "type": "string",
                        "default": null,
                        "description": "The url to fetch next page data.",
                        "x-ms-summary": "Next link",
                        "x-ms-visibility": "advanced"
                      }
                    },
                    "type": "object",
                    "default": null
                  }
                },
                "default": {
                  "description": "Operation Failed."
                }
              },
              "summary": "List rows from selected environment",
              "x-ms-visibility": "important"
            }
          }
        },
        "responses": {},
        "schemes": [
          "https"
        ],
        "swagger": "2.0"
      }
    }
  },
  "DynamicSchemas": {
    "-900572733": {
      "ArgumentName": "ListRecordsWithOrganizationResponse",
      "IsInput": false,
      "OperationId": "ListRecordsWithOrganization",
      "Schema": {
        "additionalProperties": null,
        "example": null,
        "properties": {
          "value": {
            "additionalProperties": null,
            "example": null,
            "items": {
              "additionalProperties": null,
              "example": null,
              "properties": {
                "completedon": {
                  "additionalProperties": null,
                  "example": null,
                  "title": "Completed on",
                  "type": "string",
                  "default": null,
                  "description": "The date and time when the work queue item was completed.",
                  "format": "date-time",
                  "x-ms-visibility": "advanced",
                  "x-ms-property-name-alias": "completedon"
                },
                "componentstate": {
                  "additionalProperties": null,
                  "x-ms-dynamic-list": {
                    "itemsPath": "value",
                    "itemTitlePath": "Label/UserLocalizedLabel/Label",
                    "itemValuePath": "value",
                    "operationId": "GetOptionSetMetadataWithEntitySetNameWithOrganization",
                    "parameters": {
                      "organization": {
                        "parameterReference": "organization",
                        "required": true,
                        "value": null
                      },
                      "body/entityName": {
                        "parameterReference": "entityName",
                        "required": true,
                        "value": null
                      },
                      "body/attributeMetadataId": {
                        "value": "69e77c57-fd16-4698-8996-eebc1e5a3eea"
                      },
                      "body/type": {
                        "value": "Picklist"
                      }
                    }
                  },
                  "example": null,
                  "title": "Component State",
                  "type": "integer",
                  "default": null,
                  "description": "For internal use only.",
                  "format": "int32",
                  "x-ms-visibility": "important",
                  "x-ms-property-name-alias": "componentstate"
                },
                "_createdonbehalfby_value@Microsoft.Dynamics.CRM.lookuplogicalname": {
                  "additionalProperties": null,
                  "example": null,
                  "title": "Created By (Delegate) (Type)",
                  "type": "string",
                  "default": null,
                  "description": "Unique identifier of the delegate user who created the record.",
                  "x-ms-visibility": "advanced",
                  "x-ms-property-name-alias": "_createdonbehalfby_value@Microsoft.Dynamics.CRM.lookuplogicalname"
                },
                "_createdonbehalfby_value": {
                  "additionalProperties": null,
                  "example": null,
                  "title": "Created By (Delegate) (Value)",
                  "type": "string",
                  "default": null,
                  "description": "Unique identifier of the delegate user who created the record.",
                  "x-ms-visibility": "advanced",
                  "x-ms-property-name-alias": "_createdonbehalfby_value"
                },
                "_createdby_value@Microsoft.Dynamics.CRM.lookuplogicalname": {
                  "additionalProperties": null,
                  "example": null,
                  "title": "Created By (Type)",
                  "type": "string",
                  "default": null,
                  "description": "Unique identifier of the user who created the record.",
                  "x-ms-visibility": "advanced",
                  "x-ms-property-name-alias": "_createdby_value@Microsoft.Dynamics.CRM.lookuplogicalname"
                },
                "_createdby_value": {
                  "additionalProperties": null,
                  "example": null,
                  "title": "Created By (Value)",
                  "type": "string",
                  "default": null,
                  "description": "Unique identifier of the user who created the record.",
                  "x-ms-visibility": "advanced",
                  "x-ms-property-name-alias": "_createdby_value"
                },
                "createdon": {
                  "additionalProperties": null,
                  "example": null,
                  "title": "Created On",
                  "type": "string",
                  "default": null,
                  "description": "Date and time when the record was created.",
                  "format": "date-time",
                  "x-ms-visibility": "advanced",
                  "x-ms-property-name-alias": "createdon"
                },
                "delayuntil": {
                  "additionalProperties": null,
                  "example": null,
                  "title": "Delay until",
                  "type": "string",
                  "default": null,
                  "description": "The date and time after which the work queue item can be dequeued again.",
                  "format": "date-time",
                  "x-ms-visibility": "advanced",
                  "x-ms-property-name-alias": "delayuntil"
                },
                "executioncontext": {
                  "additionalProperties": null,
                  "example": null,
                  "title": "Execution Context",
                  "type": "string",
                  "default": null,
                  "description": "The execution context contains a system-managed list of processing attempts, along with important debugging information.",
                  "maxLength": 1048576,
                  "x-ms-visibility": "advanced",
                  "x-ms-property-name-alias": "executioncontext"
                },
                "expirydate": {
                  "additionalProperties": null,
                  "example": null,
                  "title": "Expiry Date",
                  "type": "string",
                  "default": null,
                  "description": "The expiry date indicates the deadline when the work queue items has to be processed by.",
                  "format": "date-time",
                  "x-ms-visibility": "advanced",
                  "x-ms-property-name-alias": "expirydate"
                },
                "importsequencenumber": {
                  "additionalProperties": null,
                  "example": null,
                  "title": "Import Sequence Number",
                  "type": "integer",
                  "default": null,
                  "description": "Sequence number of the import that created this record.",
                  "format": "int32",
                  "maximum": 2147483647.0,
                  "minimum": -2147483648.0,
                  "x-ms-visibility": "advanced",
                  "x-ms-property-name-alias": "importsequencenumber"
                },
                "input": {
                  "additionalProperties": null,
                  "example": null,
                  "title": "Input",
                  "type": "string",
                  "default": null,
                  "description": "The input field contains the actual work item data used for processing by bots, humans, or integrations.",
                  "maxLength": 1048576,
                  "x-ms-visibility": "advanced",
                  "x-ms-property-name-alias": "input"
                },
                "iscustomizable": {
                  "additionalProperties": null,
                  "example": null,
                  "title": "Is Customizable",
                  "type": "boolean",
                  "default": null,
                  "description": "For internal use only.",
                  "x-ms-visibility": "important",
                  "x-ms-property-name-alias": "iscustomizable"
                },
                "ismanaged": {
                  "additionalProperties": null,
                  "example": null,
                  "title": "Is Managed",
                  "type": "boolean",
                  "default": null,
                  "description": "Indicates whether the solution component is part of a managed solution.",
                  "x-ms-visibility": "important",
                  "x-ms-property-name-alias": "ismanaged"
                },
                "machineuser": {
                  "additionalProperties": null,
                  "example": null,
                  "title": "Machine User",
                  "type": "string",
                  "default": null,
                  "description": "Machine User that processed the item.",
                  "maxLength": 100,
                  "x-ms-visibility": "advanced",
                  "x-ms-property-name-alias": "machineuser"
                },
                "_modifiedonbehalfby_value@Microsoft.Dynamics.CRM.lookuplogicalname": {
                  "additionalProperties": null,
                  "example": null,
                  "title": "Modified By (Delegate) (Type)",
                  "type": "string",
                  "default": null,
                  "description": "Unique identifier of the delegate user who modified the record.",
                  "x-ms-visibility": "advanced",
                  "x-ms-property-name-alias": "_modifiedonbehalfby_value@Microsoft.Dynamics.CRM.lookuplogicalname"
                },
                "_modifiedonbehalfby_value": {
                  "additionalProperties": null,
                  "example": null,
                  "title": "Modified By (Delegate) (Value)",
                  "type": "string",
                  "default": null,
                  "description": "Unique identifier of the delegate user who modified the record.",
                  "x-ms-visibility": "advanced",
                  "x-ms-property-name-alias": "_modifiedonbehalfby_value"
                },
                "_modifiedby_value@Microsoft.Dynamics.CRM.lookuplogicalname": {
                  "additionalProperties": null,
                  "example": null,
                  "title": "Modified By (Type)",
                  "type": "string",
                  "default": null,
                  "description": "Unique identifier of the user who modified the record.",
                  "x-ms-visibility": "advanced",
                  "x-ms-property-name-alias": "_modifiedby_value@Microsoft.Dynamics.CRM.lookuplogicalname"
                },
                "_modifiedby_value": {
                  "additionalProperties": null,
                  "example": null,
                  "title": "Modified By (Value)",
                  "type": "string",
                  "default": null,
                  "description": "Unique identifier of the user who modified the record.",
                  "x-ms-visibility": "advanced",
                  "x-ms-property-name-alias": "_modifiedby_value"
                },
                "modifiedon": {
                  "additionalProperties": null,
                  "example": null,
                  "title": "Modified On",
                  "type": "string",
                  "default": null,
                  "description": "Date and time when the record was modified.",
                  "format": "date-time",
                  "x-ms-visibility": "advanced",
                  "x-ms-property-name-alias": "modifiedon"
                },
                "name": {
                  "additionalProperties": null,
                  "example": null,
                  "title": "Name",
                  "type": "string",
                  "default": null,
                  "description": "The name of the work queue item which is by default set to an auto number (e.g., 2023-02-13-000000001).",
                  "maxLength": 100,
                  "x-ms-visibility": "important",
                  "x-ms-property-name-alias": "name"
                },
                "@odata.id": {
                  "additionalProperties": null,
                  "example": null,
                  "title": "OData Id",
                  "type": "string",
                  "default": null,
                  "description": "OData row id",
                  "x-ms-visibility": "important",
                  "x-ms-property-name-alias": "@odata.id"
                },
                "_ownerid_value@Microsoft.Dynamics.CRM.lookuplogicalname": {
                  "additionalProperties": null,
                  "example": null,
                  "title": "Owner (Type)",
                  "type": "string",
                  "default": null,
                  "description": "Owner Id",
                  "x-ms-visibility": "advanced",
                  "x-ms-property-name-alias": "_ownerid_value@Microsoft.Dynamics.CRM.lookuplogicalname"
                },
                "_ownerid_value": {
                  "additionalProperties": null,
                  "example": null,
                  "title": "Owner (Value)",
                  "type": "string",
                  "default": null,
                  "description": "Owner Id",
                  "x-ms-visibility": "advanced",
                  "x-ms-property-name-alias": "_ownerid_value"
                },
                "_owningbusinessunit_value@Microsoft.Dynamics.CRM.lookuplogicalname": {
                  "additionalProperties": null,
                  "example": null,
                  "title": "Owning Business Unit (Type)",
                  "type": "string",
                  "default": null,
                  "description": "Unique identifier for the business unit that owns the record",
                  "x-ms-visibility": "advanced",
                  "x-ms-property-name-alias": "_owningbusinessunit_value@Microsoft.Dynamics.CRM.lookuplogicalname"
                },
                "_owningbusinessunit_value": {
                  "additionalProperties": null,
                  "example": null,
                  "title": "Owning Business Unit (Value)",
                  "type": "string",
                  "default": null,
                  "description": "Unique identifier for the business unit that owns the record",
                  "x-ms-visibility": "advanced",
                  "x-ms-property-name-alias": "_owningbusinessunit_value"
                },
                "_owningteam_value@Microsoft.Dynamics.CRM.lookuplogicalname": {
                  "additionalProperties": null,
                  "example": null,
                  "title": "Owning Team (Type)",
                  "type": "string",
                  "default": null,
                  "description": "Unique identifier for the team that owns the record.",
                  "x-ms-visibility": "advanced",
                  "x-ms-property-name-alias": "_owningteam_value@Microsoft.Dynamics.CRM.lookuplogicalname"
                },
                "_owningteam_value": {
                  "additionalProperties": null,
                  "example": null,
                  "title": "Owning Team (Value)",
                  "type": "string",
                  "default": null,
                  "description": "Unique identifier for the team that owns the record.",
                  "x-ms-visibility": "advanced",
                  "x-ms-property-name-alias": "_owningteam_value"
                },
                "_owninguser_value@Microsoft.Dynamics.CRM.lookuplogicalname": {
                  "additionalProperties": null,
                  "example": null,
                  "title": "Owning User (Type)",
                  "type": "string",
                  "default": null,
                  "description": "Unique identifier for the user that owns the record.",
                  "x-ms-visibility": "advanced",
                  "x-ms-property-name-alias": "_owninguser_value@Microsoft.Dynamics.CRM.lookuplogicalname"
                },
                "_owninguser_value": {
                  "additionalProperties": null,
                  "example": null,
                  "title": "Owning User (Value)",
                  "type": "string",
                  "default": null,
                  "description": "Unique identifier for the user that owns the record.",
                  "x-ms-visibility": "advanced",
                  "x-ms-property-name-alias": "_owninguser_value"
                },
                "priority": {
                  "additionalProperties": null,
                  "example": null,
                  "title": "Priority",
                  "type": "integer",
                  "default": null,
                  "description": "The priority value determines the pick and processing order for work queue items in a work queue. A lower value corresponds to a higher priority with 1 being the highest.",
                  "format": "int32",
                  "maximum": 2147483647.0,
                  "minimum": 1.0,
                  "x-ms-visibility": "advanced",
                  "x-ms-property-name-alias": "priority"
                },
                "processingduration": {
                  "additionalProperties": null,
                  "example": null,
                  "title": "Processing Duration",
                  "type": "integer",
                  "default": null,
                  "description": "The duration of the processing in seconds.",
                  "format": "int32",
                  "maximum": 2147483647.0,
                  "minimum": 0.0,
                  "x-ms-visibility": "advanced",
                  "x-ms-property-name-alias": "processingduration"
                },
                "processingresult": {
                  "additionalProperties": null,
                  "example": null,
                  "title": "Processing Result",
                  "type": "string",
                  "default": null,
                  "description": "",
                  "maxLength": 1048576,
                  "x-ms-visibility": "advanced",
                  "x-ms-property-name-alias": "processingresult"
                },
                "processingstarttime": {
                  "additionalProperties": null,
                  "example": null,
                  "title": "Processing Start Time",
                  "type": "string",
                  "default": null,
                  "description": "The date and time when the processing has started.",
                  "format": "date-time",
                  "x-ms-visibility": "advanced",
                  "x-ms-property-name-alias": "processingstarttime"
                },
                "_processinguser_value@Microsoft.Dynamics.CRM.lookuplogicalname": {
                  "additionalProperties": null,
                  "example": null,
                  "title": "Processing User (Type)",
                  "type": "string",
                  "default": null,
                  "description": "Unique identifier for the user that processed the item.",
                  "x-ms-visibility": "advanced",
                  "x-ms-property-name-alias": "_processinguser_value@Microsoft.Dynamics.CRM.lookuplogicalname"
                },
                "_processinguser_value": {
                  "additionalProperties": null,
                  "example": null,
                  "title": "Processing User (Value)",
                  "type": "string",
                  "default": null,
                  "description": "Unique identifier for the user that processed the item.",
                  "x-ms-visibility": "advanced",
                  "x-ms-property-name-alias": "_processinguser_value"
                },
                "processorid": {
                  "additionalProperties": null,
                  "example": null,
                  "title": "Processor id",
                  "type": "string",
                  "default": null,
                  "description": "Unique identifier for the processor (workflow, flowmachine, etc.) that processed the item.",
                  "maxLength": 100,
                  "x-ms-visibility": "advanced",
                  "x-ms-property-name-alias": "processorid"
                },
                "processortype": {
                  "additionalProperties": null,
                  "x-ms-dynamic-list": {
                    "itemsPath": "value",
                    "itemTitlePath": "Label/UserLocalizedLabel/Label",
                    "itemValuePath": "value",
                    "operationId": "GetOptionSetMetadataWithEntitySetNameWithOrganization",
                    "parameters": {
                      "organization": {
                        "parameterReference": "organization",
                        "required": true,
                        "value": null
                      },
                      "body/entityName": {
                        "parameterReference": "entityName",
                        "required": true,
                        "value": null
                      },
                      "body/attributeMetadataId": {
                        "value": "c4c7c21c-ad3f-43f0-9271-d08747b5a6ee"
                      },
                      "body/type": {
                        "value": "Picklist"
                      }
                    }
                  },
                  "example": null,
                  "title": "Processor Type",
                  "type": "integer",
                  "default": null,
                  "description": "The processor type allows to display if the item was processed through a cloud flow, a flow machine or another processor type.",
                  "format": "int32",
                  "x-ms-visibility": "advanced",
                  "x-ms-property-name-alias": "processortype"
                },
                "overriddencreatedon": {
                  "additionalProperties": null,
                  "example": null,
                  "title": "Record Created On",
                  "type": "string",
                  "default": null,
                  "description": "Date and time that the record was migrated.",
                  "format": "date-time",
                  "x-ms-visibility": "advanced",
                  "x-ms-property-name-alias": "overriddencreatedon"
                },
                "overwritetime": {
                  "additionalProperties": null,
                  "example": null,
                  "title": "Record Overwrite Time",
                  "type": "string",
                  "default": null,
                  "description": "For internal use only.",
                  "format": "date-time",
                  "x-ms-visibility": "important",
                  "x-ms-property-name-alias": "overwritetime"
                },
                "requeuecount": {
                  "additionalProperties": null,
                  "example": null,
                  "title": "Requeue Count",
                  "type": "integer",
                  "default": null,
                  "description": "The number of times the item has been requeued.",
                  "format": "int32",
                  "maximum": 2147483647.0,
                  "minimum": 0.0,
                  "x-ms-visibility": "important",
                  "x-ms-property-name-alias": "requeuecount"
                },
                "retrycount": {
                  "additionalProperties": null,
                  "example": null,
                  "title": "Retry Count",
                  "type": "integer",
                  "default": null,
                  "description": "The number of times the item has been retried.",
                  "format": "int32",
                  "maximum": 2147483647.0,
                  "minimum": 0.0,
                  "x-ms-visibility": "important",
                  "x-ms-property-name-alias": "retrycount"
                },
                "componentidunique": {
                  "additionalProperties": null,
                  "example": null,
                  "title": "Row id unique",
                  "type": "string",
                  "default": null,
                  "description": "For internal use only.",
                  "format": "uuid",
                  "x-ms-visibility": "important",
                  "x-ms-property-name-alias": "componentidunique"
                },
                "solutionid": {
                  "additionalProperties": null,
                  "example": null,
                  "title": "Solution",
                  "type": "string",
                  "default": null,
                  "description": "Unique identifier of the associated solution.",
                  "format": "uuid",
                  "x-ms-visibility": "important",
                  "x-ms-property-name-alias": "solutionid"
                },
                "statecode": {
                  "additionalProperties": null,
                  "x-ms-dynamic-list": {
                    "itemsPath": "value",
                    "itemTitlePath": "Label/UserLocalizedLabel/Label",
                    "itemValuePath": "value",
                    "operationId": "GetOptionSetMetadataWithEntitySetNameWithOrganization",
                    "parameters": {
                      "organization": {
                        "parameterReference": "organization",
                        "required": true,
                        "value": null
                      },
                      "body/entityName": {
                        "parameterReference": "entityName",
                        "required": true,
                        "value": null
                      },
                      "body/attributeMetadataId": {
                        "value": "d93e496f-3183-453e-bb1c-fe4b119f1f0e"
                      },
                      "body/type": {
                        "value": "State"
                      }
                    }
                  },
                  "example": null,
                  "title": "Status",
                  "type": "integer",
                  "default": null,
                  "description": "The status of the work queue item (Queued, Processed, Exception etc.)",
                  "format": "int32",
                  "x-ms-visibility": "advanced",
                  "x-ms-property-name-alias": "statecode"
                },
                "statuscode": {
                  "additionalProperties": null,
                  "x-ms-dynamic-list": {
                    "itemsPath": "value",
                    "itemTitlePath": "Label/UserLocalizedLabel/Label",
                    "itemValuePath": "value",
                    "operationId": "GetOptionSetMetadataWithEntitySetNameWithOrganization",
                    "parameters": {
                      "organization": {
                        "parameterReference": "organization",
                        "required": true,
                        "value": null
                      },
                      "body/entityName": {
                        "parameterReference": "entityName",
                        "required": true,
                        "value": null
                      },
                      "body/attributeMetadataId": {
                        "value": "e2a310bd-1c2a-4404-bd34-0c4266c345af"
                      },
                      "body/type": {
                        "value": "Status"
                      }
                    }
                  },
                  "example": null,
                  "title": "Status Reason",
                  "type": "integer",
                  "default": null,
                  "description": "The status reason provides more context for a set status (Queued, Processing, On hold etc.).",
                  "format": "int32",
                  "x-ms-visibility": "advanced",
                  "x-ms-property-name-alias": "statuscode"
                },
                "timezoneruleversionnumber": {
                  "additionalProperties": null,
                  "example": null,
                  "title": "Time Zone Rule Version Number",
                  "type": "integer",
                  "default": null,
                  "description": "For internal use only.",
                  "format": "int32",
                  "maximum": 2147483647.0,
                  "minimum": -1.0,
                  "x-ms-visibility": "advanced",
                  "x-ms-property-name-alias": "timezoneruleversionnumber"
                },
                "uniqueidbyqueue": {
                  "additionalProperties": null,
                  "example": null,
                  "title": "Unique Id By Queue",
                  "type": "string",
                  "default": null,
                  "description": "An identifier of the work queue item used to uniquely identify a work queue item inside a work queue.",
                  "maxLength": 100,
                  "x-ms-visibility": "advanced",
                  "x-ms-property-name-alias": "uniqueidbyqueue"
                },
                "utcconversiontimezonecode": {
                  "additionalProperties": null,
                  "example": null,
                  "title": "UTC Conversion Time Zone Code",
                  "type": "integer",
                  "default": null,
                  "description": "Time zone code that was in use when the record was created.",
                  "format": "int32",
                  "maximum": 2147483647.0,
                  "minimum": -1.0,
                  "x-ms-visibility": "advanced",
                  "x-ms-property-name-alias": "utcconversiontimezonecode"
                },
                "versionnumber": {
                  "additionalProperties": null,
                  "example": null,
                  "title": "Version Number",
                  "type": "integer",
                  "default": null,
                  "description": "Version Number",
                  "format": "int64",
                  "maximum": 9.2233720368547758E+18,
                  "minimum": -9.2233720368547758E+18,
                  "x-ms-visibility": "advanced",
                  "x-ms-property-name-alias": "versionnumber"
                },
                "_workqueueid_value@Microsoft.Dynamics.CRM.lookuplogicalname": {
                  "additionalProperties": null,
                  "example": null,
                  "title": "Work Queue Id (Type)",
                  "type": "string",
                  "default": null,
                  "description": "The work queue id of the parent work queue record.",
                  "x-ms-visibility": "important",
                  "x-ms-property-name-alias": "_workqueueid_value@Microsoft.Dynamics.CRM.lookuplogicalname"
                },
                "_workqueueid_value": {
                  "additionalProperties": null,
                  "example": null,
                  "title": "Work Queue Id (Value)",
                  "type": "string",
                  "default": null,
                  "description": "The work queue id of the parent work queue record.",
                  "x-ms-visibility": "important",
                  "x-ms-property-name-alias": "_workqueueid_value"
                },
                "workqueueitemid": {
                  "additionalProperties": null,
                  "example": null,
                  "title": "Work Queue Item",
                  "type": "string",
                  "default": null,
                  "description": "Unique identifier for entity instances.",
                  "format": "uuid",
                  "x-ms-visibility": "advanced",
                  "x-ms-property-name-alias": "workqueueitemid"
                }
              },
              "required": [],
              "type": "object",
              "default": null
            },
            "type": "array",
            "default": null
          },
          "@odata.nextLink": {
            "additionalProperties": null,
            "example": null,
            "type": "string",
            "default": null,
            "description": "The url to fetch next page data.",
            "x-ms-summary": "Next link",
            "x-ms-visibility": "advanced"
          }
        },
        "type": "object",
        "default": null
      },
      "TypeId": "-900572733"
    },
    "741645882": {
      "ArgumentName": "ListRecordsWithOrganizationResponse",
      "IsInput": false,
      "OperationId": "ListRecordsWithOrganization",
      "Schema": {
        "additionalProperties": null,
        "example": null,
        "properties": {
          "value": {
            "additionalProperties": null,
            "example": null,
            "items": {
              "additionalProperties": null,
              "example": null,
              "properties": {
                "componentstate": {
                  "additionalProperties": null,
                  "x-ms-dynamic-list": {
                    "itemsPath": "value",
                    "itemTitlePath": "Label/UserLocalizedLabel/Label",
                    "itemValuePath": "value",
                    "operationId": "GetOptionSetMetadataWithEntitySetNameWithOrganization",
                    "parameters": {
                      "organization": {
                        "parameterReference": "organization",
                        "required": true,
                        "value": null
                      },
                      "body/entityName": {
                        "parameterReference": "entityName",
                        "required": true,
                        "value": null
                      },
                      "body/attributeMetadataId": {
                        "value": "725e6622-0b56-4223-b4c6-9addb1553c2d"
                      },
                      "body/type": {
                        "value": "Picklist"
                      }
                    }
                  },
                  "example": null,
                  "title": "Component State",
                  "type": "integer",
                  "default": null,
                  "description": "For internal use only.",
                  "format": "int32",
                  "x-ms-visibility": "important",
                  "x-ms-property-name-alias": "componentstate"
                },
                "_createdonbehalfby_value@Microsoft.Dynamics.CRM.lookuplogicalname": {
                  "additionalProperties": null,
                  "example": null,
                  "title": "Created By (Delegate) (Type)",
                  "type": "string",
                  "default": null,
                  "description": "Unique identifier of the delegate user who created the record.",
                  "x-ms-visibility": "advanced",
                  "x-ms-property-name-alias": "_createdonbehalfby_value@Microsoft.Dynamics.CRM.lookuplogicalname"
                },
                "_createdonbehalfby_value": {
                  "additionalProperties": null,
                  "example": null,
                  "title": "Created By (Delegate) (Value)",
                  "type": "string",
                  "default": null,
                  "description": "Unique identifier of the delegate user who created the record.",
                  "x-ms-visibility": "advanced",
                  "x-ms-property-name-alias": "_createdonbehalfby_value"
                },
                "_createdby_value@Microsoft.Dynamics.CRM.lookuplogicalname": {
                  "additionalProperties": null,
                  "example": null,
                  "title": "Created By (Type)",
                  "type": "string",
                  "default": null,
                  "description": "Unique identifier of the user who created the record.",
                  "x-ms-visibility": "advanced",
                  "x-ms-property-name-alias": "_createdby_value@Microsoft.Dynamics.CRM.lookuplogicalname"
                },
                "_createdby_value": {
                  "additionalProperties": null,
                  "example": null,
                  "title": "Created By (Value)",
                  "type": "string",
                  "default": null,
                  "description": "Unique identifier of the user who created the record.",
                  "x-ms-visibility": "advanced",
                  "x-ms-property-name-alias": "_createdby_value"
                },
                "createdon": {
                  "additionalProperties": null,
                  "example": null,
                  "title": "Created On",
                  "type": "string",
                  "default": null,
                  "description": "Date and time when the record was created.",
                  "format": "date-time",
                  "x-ms-visibility": "advanced",
                  "x-ms-property-name-alias": "createdon"
                },
                "defaultitemtimetoliveinminutes": {
                  "additionalProperties": null,
                  "example": null,
                  "title": "Default Item Time To Live In Minutes",
                  "type": "integer",
                  "default": null,
                  "description": "The default lifespan in minutes of work queue items when added to the work queue.",
                  "format": "int32",
                  "maximum": 2147483647.0,
                  "minimum": 0.0,
                  "x-ms-visibility": "advanced",
                  "x-ms-property-name-alias": "defaultitemtimetoliveinminutes"
                },
                "description": {
                  "additionalProperties": null,
                  "example": null,
                  "title": "Description",
                  "type": "string",
                  "default": null,
                  "description": "The work queue description.",
                  "maxLength": 2000,
                  "x-ms-visibility": "advanced",
                  "x-ms-property-name-alias": "description"
                },
                "importsequencenumber": {
                  "additionalProperties": null,
                  "example": null,
                  "title": "Import Sequence Number",
                  "type": "integer",
                  "default": null,
                  "description": "Sequence number of the import that created this record.",
                  "format": "int32",
                  "maximum": 2147483647.0,
                  "minimum": -2147483648.0,
                  "x-ms-visibility": "advanced",
                  "x-ms-property-name-alias": "importsequencenumber"
                },
                "inputschema": {
                  "additionalProperties": null,
                  "example": null,
                  "title": "Input Schema",
                  "type": "string",
                  "default": null,
                  "description": "The input schema field contains the expected input schema used for input validation at enqueue time.",
                  "maxLength": 1048576,
                  "x-ms-visibility": "advanced",
                  "x-ms-property-name-alias": "inputschema"
                },
                "inputschematype": {
                  "additionalProperties": null,
                  "x-ms-dynamic-list": {
                    "itemsPath": "value",
                    "itemTitlePath": "Label/UserLocalizedLabel/Label",
                    "itemValuePath": "value",
                    "operationId": "GetOptionSetMetadataWithEntitySetNameWithOrganization",
                    "parameters": {
                      "organization": {
                        "parameterReference": "organization",
                        "required": true,
                        "value": null
                      },
                      "body/entityName": {
                        "parameterReference": "entityName",
                        "required": true,
                        "value": null
                      },
                      "body/attributeMetadataId": {
                        "value": "9f7962b9-3c72-4b0a-8b17-58c7d59908b5"
                      },
                      "body/type": {
                        "value": "Picklist"
                      }
                    }
                  },
                  "example": null,
                  "title": "Input Schema Type",
                  "type": "integer",
                  "default": null,
                  "description": "The input schema type allows to validate the input field at enqueue time against a specific schema.",
                  "format": "int32",
                  "x-ms-visibility": "advanced",
                  "x-ms-property-name-alias": "inputschematype"
                },
                "iscustomizable": {
                  "additionalProperties": null,
                  "example": null,
                  "title": "Is Customizable",
                  "type": "boolean",
                  "default": null,
                  "description": "For internal use only.",
                  "x-ms-visibility": "important",
                  "x-ms-property-name-alias": "iscustomizable"
                },
                "ismanaged": {
                  "additionalProperties": null,
                  "example": null,
                  "title": "Is Managed",
                  "type": "boolean",
                  "default": null,
                  "description": "Indicates whether the solution component is part of a managed solution.",
                  "x-ms-visibility": "important",
                  "x-ms-property-name-alias": "ismanaged"
                },
                "itemmaxrequeuecount": {
                  "additionalProperties": null,
                  "example": null,
                  "title": "Item maximum requeue count",
                  "type": "integer",
                  "default": null,
                  "description": "The maximum number of times an item can be requeued.",
                  "format": "int32",
                  "maximum": 2147483647.0,
                  "minimum": 0.0,
                  "x-ms-visibility": "important",
                  "x-ms-property-name-alias": "itemmaxrequeuecount"
                },
                "itemmaxretrycount": {
                  "additionalProperties": null,
                  "example": null,
                  "title": "Item maximum retry count",
                  "type": "integer",
                  "default": null,
                  "description": "The maximum number of times an item should be retried. This can be overridden at runtime.",
                  "format": "int32",
                  "maximum": 2147483647.0,
                  "minimum": 0.0,
                  "x-ms-visibility": "important",
                  "x-ms-property-name-alias": "itemmaxretrycount"
                },
                "_modifiedonbehalfby_value@Microsoft.Dynamics.CRM.lookuplogicalname": {
                  "additionalProperties": null,
                  "example": null,
                  "title": "Modified By (Delegate) (Type)",
                  "type": "string",
                  "default": null,
                  "description": "Unique identifier of the delegate user who modified the record.",
                  "x-ms-visibility": "advanced",
                  "x-ms-property-name-alias": "_modifiedonbehalfby_value@Microsoft.Dynamics.CRM.lookuplogicalname"
                },
                "_modifiedonbehalfby_value": {
                  "additionalProperties": null,
                  "example": null,
                  "title": "Modified By (Delegate) (Value)",
                  "type": "string",
                  "default": null,
                  "description": "Unique identifier of the delegate user who modified the record.",
                  "x-ms-visibility": "advanced",
                  "x-ms-property-name-alias": "_modifiedonbehalfby_value"
                },
                "_modifiedby_value@Microsoft.Dynamics.CRM.lookuplogicalname": {
                  "additionalProperties": null,
                  "example": null,
                  "title": "Modified By (Type)",
                  "type": "string",
                  "default": null,
                  "description": "Unique identifier of the user who modified the record.",
                  "x-ms-visibility": "advanced",
                  "x-ms-property-name-alias": "_modifiedby_value@Microsoft.Dynamics.CRM.lookuplogicalname"
                },
                "_modifiedby_value": {
                  "additionalProperties": null,
                  "example": null,
                  "title": "Modified By (Value)",
                  "type": "string",
                  "default": null,
                  "description": "Unique identifier of the user who modified the record.",
                  "x-ms-visibility": "advanced",
                  "x-ms-property-name-alias": "_modifiedby_value"
                },
                "modifiedon": {
                  "additionalProperties": null,
                  "example": null,
                  "title": "Modified On",
                  "type": "string",
                  "default": null,
                  "description": "Date and time when the record was modified.",
                  "format": "date-time",
                  "x-ms-visibility": "advanced",
                  "x-ms-property-name-alias": "modifiedon"
                },
                "name": {
                  "additionalProperties": null,
                  "example": null,
                  "title": "Name",
                  "type": "string",
                  "default": null,
                  "description": "The name of the work queue.",
                  "maxLength": 100,
                  "x-ms-visibility": "important",
                  "x-ms-property-name-alias": "name"
                },
                "@odata.id": {
                  "additionalProperties": null,
                  "example": null,
                  "title": "OData Id",
                  "type": "string",
                  "default": null,
                  "description": "OData row id",
                  "x-ms-visibility": "important",
                  "x-ms-property-name-alias": "@odata.id"
                },
                "_ownerid_value@Microsoft.Dynamics.CRM.lookuplogicalname": {
                  "additionalProperties": null,
                  "example": null,
                  "title": "Owner (Type)",
                  "type": "string",
                  "default": null,
                  "description": "Owner Id",
                  "x-ms-visibility": "advanced",
                  "x-ms-property-name-alias": "_ownerid_value@Microsoft.Dynamics.CRM.lookuplogicalname"
                },
                "_ownerid_value": {
                  "additionalProperties": null,
                  "example": null,
                  "title": "Owner (Value)",
                  "type": "string",
                  "default": null,
                  "description": "Owner Id",
                  "x-ms-visibility": "advanced",
                  "x-ms-property-name-alias": "_ownerid_value"
                },
                "_owningbusinessunit_value@Microsoft.Dynamics.CRM.lookuplogicalname": {
                  "additionalProperties": null,
                  "example": null,
                  "title": "Owning Business Unit (Type)",
                  "type": "string",
                  "default": null,
                  "description": "Unique identifier for the business unit that owns the record",
                  "x-ms-visibility": "advanced",
                  "x-ms-property-name-alias": "_owningbusinessunit_value@Microsoft.Dynamics.CRM.lookuplogicalname"
                },
                "_owningbusinessunit_value": {
                  "additionalProperties": null,
                  "example": null,
                  "title": "Owning Business Unit (Value)",
                  "type": "string",
                  "default": null,
                  "description": "Unique identifier for the business unit that owns the record",
                  "x-ms-visibility": "advanced",
                  "x-ms-property-name-alias": "_owningbusinessunit_value"
                },
                "_owningteam_value@Microsoft.Dynamics.CRM.lookuplogicalname": {
                  "additionalProperties": null,
                  "example": null,
                  "title": "Owning Team (Type)",
                  "type": "string",
                  "default": null,
                  "description": "Unique identifier for the team that owns the record.",
                  "x-ms-visibility": "advanced",
                  "x-ms-property-name-alias": "_owningteam_value@Microsoft.Dynamics.CRM.lookuplogicalname"
                },
                "_owningteam_value": {
                  "additionalProperties": null,
                  "example": null,
                  "title": "Owning Team (Value)",
                  "type": "string",
                  "default": null,
                  "description": "Unique identifier for the team that owns the record.",
                  "x-ms-visibility": "advanced",
                  "x-ms-property-name-alias": "_owningteam_value"
                },
                "_owninguser_value@Microsoft.Dynamics.CRM.lookuplogicalname": {
                  "additionalProperties": null,
                  "example": null,
                  "title": "Owning User (Type)",
                  "type": "string",
                  "default": null,
                  "description": "Unique identifier for the user that owns the record.",
                  "x-ms-visibility": "advanced",
                  "x-ms-property-name-alias": "_owninguser_value@Microsoft.Dynamics.CRM.lookuplogicalname"
                },
                "_owninguser_value": {
                  "additionalProperties": null,
                  "example": null,
                  "title": "Owning User (Value)",
                  "type": "string",
                  "default": null,
                  "description": "Unique identifier for the user that owns the record.",
                  "x-ms-visibility": "advanced",
                  "x-ms-property-name-alias": "_owninguser_value"
                },
                "prioritytype": {
                  "additionalProperties": null,
                  "x-ms-dynamic-list": {
                    "itemsPath": "value",
                    "itemTitlePath": "Label/UserLocalizedLabel/Label",
                    "itemValuePath": "value",
                    "operationId": "GetOptionSetMetadataWithEntitySetNameWithOrganization",
                    "parameters": {
                      "organization": {
                        "parameterReference": "organization",
                        "required": true,
                        "value": null
                      },
                      "body/entityName": {
                        "parameterReference": "entityName",
                        "required": true,
                        "value": null
                      },
                      "body/attributeMetadataId": {
                        "value": "5b823cec-1280-44f1-9004-04bebcccb59a"
                      },
                      "body/type": {
                        "value": "Picklist"
                      }
                    }
                  },
                  "example": null,
                  "title": "Priority Type",
                  "type": "integer",
                  "default": null,
                  "description": "The priority type determines the pick and processing order for work queue items in a work queue.",
                  "format": "int32",
                  "x-ms-visibility": "advanced",
                  "x-ms-property-name-alias": "prioritytype"
                },
                "overriddencreatedon": {
                  "additionalProperties": null,
                  "example": null,
                  "title": "Record Created On",
                  "type": "string",
                  "default": null,
                  "description": "Date and time that the record was migrated.",
                  "format": "date-time",
                  "x-ms-visibility": "advanced",
                  "x-ms-property-name-alias": "overriddencreatedon"
                },
                "overwritetime": {
                  "additionalProperties": null,
                  "example": null,
                  "title": "Record Overwrite Time",
                  "type": "string",
                  "default": null,
                  "description": "For internal use only.",
                  "format": "date-time",
                  "x-ms-visibility": "important",
                  "x-ms-property-name-alias": "overwritetime"
                },
                "componentidunique": {
                  "additionalProperties": null,
                  "example": null,
                  "title": "Row id unique",
                  "type": "string",
                  "default": null,
                  "description": "For internal use only.",
                  "format": "uuid",
                  "x-ms-visibility": "important",
                  "x-ms-property-name-alias": "componentidunique"
                },
                "solutionid": {
                  "additionalProperties": null,
                  "example": null,
                  "title": "Solution",
                  "type": "string",
                  "default": null,
                  "description": "Unique identifier of the associated solution.",
                  "format": "uuid",
                  "x-ms-visibility": "important",
                  "x-ms-property-name-alias": "solutionid"
                },
                "statecode": {
                  "additionalProperties": null,
                  "x-ms-dynamic-list": {
                    "itemsPath": "value",
                    "itemTitlePath": "Label/UserLocalizedLabel/Label",
                    "itemValuePath": "value",
                    "operationId": "GetOptionSetMetadataWithEntitySetNameWithOrganization",
                    "parameters": {
                      "organization": {
                        "parameterReference": "organization",
                        "required": true,
                        "value": null
                      },
                      "body/entityName": {
                        "parameterReference": "entityName",
                        "required": true,
                        "value": null
                      },
                      "body/attributeMetadataId": {
                        "value": "bc60f298-d92c-4502-967d-c5b56b7ac568"
                      },
                      "body/type": {
                        "value": "State"
                      }
                    }
                  },
                  "example": null,
                  "title": "Status",
                  "type": "integer",
                  "default": null,
                  "description": "The status of the work queue.",
                  "format": "int32",
                  "x-ms-visibility": "advanced",
                  "x-ms-property-name-alias": "statecode"
                },
                "statuscode": {
                  "additionalProperties": null,
                  "x-ms-dynamic-list": {
                    "itemsPath": "value",
                    "itemTitlePath": "Label/UserLocalizedLabel/Label",
                    "itemValuePath": "value",
                    "operationId": "GetOptionSetMetadataWithEntitySetNameWithOrganization",
                    "parameters": {
                      "organization": {
                        "parameterReference": "organization",
                        "required": true,
                        "value": null
                      },
                      "body/entityName": {
                        "parameterReference": "entityName",
                        "required": true,
                        "value": null
                      },
                      "body/attributeMetadataId": {
                        "value": "9dfc44e0-a6ad-4bfb-800d-ea6d7c61fd8a"
                      },
                      "body/type": {
                        "value": "Status"
                      }
                    }
                  },
                  "example": null,
                  "title": "Status Reason",
                  "type": "integer",
                  "default": null,
                  "description": "Reason for the status of the Work Queue",
                  "format": "int32",
                  "x-ms-visibility": "advanced",
                  "x-ms-property-name-alias": "statuscode"
                },
                "timezoneruleversionnumber": {
                  "additionalProperties": null,
                  "example": null,
                  "title": "Time Zone Rule Version Number",
                  "type": "integer",
                  "default": null,
                  "description": "For internal use only.",
                  "format": "int32",
                  "maximum": 2147483647.0,
                  "minimum": -1.0,
                  "x-ms-visibility": "advanced",
                  "x-ms-property-name-alias": "timezoneruleversionnumber"
                },
                "utcconversiontimezonecode": {
                  "additionalProperties": null,
                  "example": null,
                  "title": "UTC Conversion Time Zone Code",
                  "type": "integer",
                  "default": null,
                  "description": "Time zone code that was in use when the record was created.",
                  "format": "int32",
                  "maximum": 2147483647.0,
                  "minimum": -1.0,
                  "x-ms-visibility": "advanced",
                  "x-ms-property-name-alias": "utcconversiontimezonecode"
                },
                "versionnumber": {
                  "additionalProperties": null,
                  "example": null,
                  "title": "Version Number",
                  "type": "integer",
                  "default": null,
                  "description": "Version Number",
                  "format": "int64",
                  "maximum": 9.2233720368547758E+18,
                  "minimum": -9.2233720368547758E+18,
                  "x-ms-visibility": "advanced",
                  "x-ms-property-name-alias": "versionnumber"
                },
                "workqueueid": {
                  "additionalProperties": null,
                  "example": null,
                  "title": "Work Queue",
                  "type": "string",
                  "default": null,
                  "description": "Unique identifier for entity instances.",
                  "format": "uuid",
                  "x-ms-visibility": "advanced",
                  "x-ms-property-name-alias": "workqueueid"
                },
                "workqueuekey": {
                  "additionalProperties": null,
                  "example": null,
                  "title": "Work Queue Key",
                  "type": "string",
                  "default": null,
                  "description": "",
                  "maxLength": 100,
                  "x-ms-visibility": "important",
                  "x-ms-property-name-alias": "workqueuekey"
                },
                "workqueuetype": {
                  "additionalProperties": null,
                  "x-ms-dynamic-list": {
                    "itemsPath": "value",
                    "itemTitlePath": "Label/UserLocalizedLabel/Label",
                    "itemValuePath": "value",
                    "operationId": "GetOptionSetMetadataWithEntitySetNameWithOrganization",
                    "parameters": {
                      "organization": {
                        "parameterReference": "organization",
                        "required": true,
                        "value": null
                      },
                      "body/entityName": {
                        "parameterReference": "entityName",
                        "required": true,
                        "value": null
                      },
                      "body/attributeMetadataId": {
                        "value": "22cc0d1e-9fc9-47e4-b518-761a4a699616"
                      },
                      "body/type": {
                        "value": "Picklist"
                      }
                    }
                  },
                  "example": null,
                  "title": "Work Queue Type",
                  "type": "integer",
                  "default": null,
                  "description": "The work queue type allows to handle more specific work queue behavior.",
                  "format": "int32",
                  "x-ms-visibility": "advanced",
                  "x-ms-property-name-alias": "workqueuetype"
                }
              },
              "required": [],
              "type": "object",
              "default": null
            },
            "type": "array",
            "default": null
          },
          "@odata.nextLink": {
            "additionalProperties": null,
            "example": null,
            "type": "string",
            "default": null,
            "description": "The url to fetch next page data.",
            "x-ms-summary": "Next link",
            "x-ms-visibility": "advanced"
          }
        },
        "type": "object",
        "default": null
      },
      "TypeId": "741645882"
    }
  },
  "Locale": "en-US"
}