{"CreatedEngineVersion":{"Major":2,"Minor":14,"Build":203,"Revision":24261,"MajorRevision":0,"MinorRevision":24261},"ModuleReferences":[{"AssemblyName":"Microsoft.Flow.RPA.Desktop.Modules.Display.Actions","Name":"Display","Id":"00000000-0000-0000-0000-000000000000","PublicKeyToken":"31bf3856ad364e35","Type":1,"Version":{"Major":1,"Minor":1,"Build":0,"Revision":0,"MajorRevision":0,"MinorRevision":0}},{"AssemblyName":"Microsoft.Flow.RPA.Desktop.Modules.Excel.Actions","Name":"Excel","Id":"00000000-0000-0000-0000-000000000000","PublicKeyToken":"31bf3856ad364e35","Type":1,"Version":{"Major":1,"Minor":11,"Build":0,"Revision":0,"MajorRevision":0,"MinorRevision":0}},{"AssemblyName":"Microsoft.Flow.RPA.Desktop.Modules.Variables.Actions","Name":"Variables","Id":"00000000-0000-0000-0000-000000000000","PublicKeyToken":"31bf3856ad364e35","Type":1,"Version":{"Major":1,"Minor":3,"Build":0,"Revision":0,"MajorRevision":0,"MinorRevision":0}},{"AssemblyName":"Microsoft.Flow.RPA.Desktop.Modules.DateTime.Actions","Name":"DateTime","Id":"00000000-0000-0000-0000-000000000000","PublicKeyToken":"31bf3856ad364e35","Type":1,"Version":{"Major":1,"Minor":2,"Build":0,"Revision":0,"MajorRevision":0,"MinorRevision":0}},{"AssemblyName":"Microsoft.Flow.RPA.Desktop.Modules.Text.Actions","Name":"Text","Id":"00000000-0000-0000-0000-000000000000","PublicKeyToken":"31bf3856ad364e35","Type":1,"Version":{"Major":1,"Minor":3,"Build":0,"Revision":0,"MajorRevision":0,"MinorRevision":0}}],"ConnectorReferences":[{"ConnectorId":"/providers/Microsoft.PowerApps/apis/shared_commondataserviceforapps","ConnectorName":"shared_commondataserviceforapps","IsCustom":false,"Locale":"en-US"}],"PowerFxEnabled":false,"EngineVersion":{"Major":2,"Minor":5,"Build":203,"Revision":24261,"MajorRevision":0,"MinorRevision":24261}}