<ImportExportXml xmlns:xsi="http://www.w3.org/2001/XMLSchema-instance" OrganizationVersion="9.2.24092.202" OrganizationSchemaType="Standard" CRMServerServiceabilityVersion="9.2.24092.00202">
  <Entities></Entities>
  <Roles></Roles>
  <Workflows>
    <Workflow WorkflowId="{964c3851-8dd1-44cf-83ef-57053a84ce10}" Name="DF-ExportWQItems">
      <JsonFileName>/Workflows/DF-ExportWQItems-964C3851-8DD1-44CF-83EF-57053A84CE10.json</JsonFileName>
      <Type>1</Type>
      <Subprocess>0</Subprocess>
      <Category>6</Category>
      <Mode>0</Mode>
      <Scope>4</Scope>
      <OnDemand>0</OnDemand>
      <TriggerOnCreate>0</TriggerOnCreate>
      <TriggerOnDelete>0</TriggerOnDelete>
      <AsyncAutodelete>0</AsyncAutodelete>
      <SyncWorkflowLogOnFailure>0</SyncWorkflowLogOnFailure>
      <StateCode>1</StateCode>
      <StatusCode>2</StatusCode>
      <RunAs>1</RunAs>
      <IsTransacted>1</IsTransacted>
      <IntroducedVersion>1.0</IntroducedVersion>
      <IsCustomizable>1</IsCustomizable>
      <BusinessProcessType>0</BusinessProcessType>
      <UIFlowType>2</UIFlowType>
      <IsCustomProcessingStepAllowedForOtherPublishers>1</IsCustomProcessingStepAllowedForOtherPublishers>
      <Metadata>{"clientversion":"2.48.153.24261","isvalid":true,"$schema":"https://schema.management.azure.com/providers/Microsoft.Logic/schemas/2016-06-01/workflowdefinition.json#","schemaVersion":"ROBIN_20211012","containsActiveConnections":true,"containsGptPredictActions":false,"containsActiveCopilotActions":true,"containsActiveWorkQueuesActions":false,"containsActiveLogMessageActions":false,"multipleRequestsState":0,"scriptType":0,"disableScreenshotCaptureOnError":false,"missingUiElementRepairType":null,"flowTimeout":null}</Metadata>
      <Inputs>{"schema":null}</Inputs>
      <Outputs>{"schema":null}</Outputs>
      <Dependencies>{"childFlows":[],"workQueues":[],"environmentVariables":[],"requiredBinaries":["aa812382-a605-4ca2-99d9-cb7831963496","f1ef56c9-bc76-480a-8149-a981d8c3effc","a895c86d-c7d1-45dd-b2cd-3e096d00093c","e639fbb3-6e0b-4da1-b062-d4e03579238e"]}</Dependencies>
      <ConnectionReferences>[{"api":{"name":"/providers/Microsoft.PowerApps/apis/shared_commondataserviceforapps"},"displayName":"Crcd171_shared_commondataserviceforapps_4452884f","isDisabled":false,"connectionReferenceLogicalName":"Crcd171_shared_commondataserviceforapps_4452884f07d14e74a5fb29cf4c8ba0ee","name":"787ebf62020b4f1798e01160c94bf879","connectionDisplayName":"admin@myenterpriseai.com","ownerId":null,"padInternalId":"59ab788d-e3fe-44be-a7e2-4b8c4454a920","isEmbedded":false}]</ConnectionReferences>
      <Definition>"@@ConnectionString: ''\r\n@@Type: 'Local'\r\n@@DesktopType: 'local'\r\n@@DisplayName: 'Local computer'\r\nIMPORT 'controlRepo.appmask' AS appmask\r\nIMPORT 'imageRepo.imgrepo' AS imgrepo\r\n@SENSITIVE: []\r\n@@copilotGeneratedAction: 'True'\r\n**REGION Ask the user for the work queue name, retrieve the latest 10 work queue items from SharePoint, launch Excel and create a new instance, write the work queue items to the Excel file, save the Excel file, close the Excel instance\r\nCALL sf_GetWorkQueues\r\nDisplay.SelectFromListDialog.SelectFromList Title: $'''Work Queues''' Message: $'''Available Work Queues in the environment''' List: varWorkQueuesList IsTopMost: True AllowEmpty: False SelectedItem=&gt; WorkQueueName SelectedIndex=&gt; SelectedIndex ButtonPressed=&gt; ButtonPressed2\r\n@@copilotGeneratedAction: 'True'\r\nDISABLE Display.InputDialog Title: $'''Work Queue''' Message: $'''Please enter the work queue name:''' InputType: Display.InputType.SingleLine IsTopMost: False UserInput=&gt; WorkQueueName ButtonPressed=&gt; ButtonPressed\r\n@@statistics_Input_Toggle: '1'\r\n@@statistics_Action_Submit: '1'\r\nDisplay.ShowCustomDialog CardTemplateJson: '''{\r\n  \\\"type\\\": \\\"AdaptiveCard\\\",\r\n  \\\"version\\\": \\\"1.4\\\",\r\n  \\\"id\\\": \\\"AdaptiveCard\\\",\r\n  \\\"body\\\": [\r\n    {\r\n      \\\"type\\\": \\\"Input.Toggle\\\",\r\n      \\\"id\\\": \\\"varInputDataFlag\\\",\r\n      \\\"title\\\": \\\"${varInputDataFlag_Title}\\\",\r\n      \\\"valueOn\\\": \\\"${varInputDataFlag_ValueOn}\\\",\r\n      \\\"valueOff\\\": \\\"${varInputDataFlag_ValueOff}\\\",\r\n      \\\"value\\\": \\\"${varInputDataFlag_Value}\\\",\r\n      \\\"label\\\": \\\"${varInputDataFlag_Label}\\\",\r\n      \\\"errorMessage\\\": \\\"${varInputDataFlag_ErrorMessage}\\\"\r\n    }\r\n  ],\r\n  \\\"actions\\\": [\r\n    {\r\n      \\\"type\\\": \\\"Action.Submit\\\",\r\n      \\\"id\\\": \\\"Submit\\\",\r\n      \\\"title\\\": \\\"${Submit_Title}\\\"\r\n    }\r\n  ],\r\n  \\\"FormTitle\\\": \\\"${AdaptiveCard_FormTitle}\\\"\r\n}''' CustomFormData=&gt; CustomFormData ButtonPressed=&gt; ButtonPressed3 @AdaptiveCard_FormTitle: $'''Work Queue Data Manager''' @varInputDataFlag_Label: $'''Export input data only''' @varInputDataFlag_Title: $'''Export only Work Queue input data''' @varInputDataFlag_Value: $'''Yes''' @varInputDataFlag_ValueOn: $'''True''' @varInputDataFlag_ValueOff: $'''False''' @varInputDataFlag_ErrorMessage: $'''Data scope is required''' @Submit_Title: $'''Conitue'''\r\nCALL sf_GetWorkQueueId\r\n@@organization: 'myenterpriseai (default)'\r\n@@entityName: 'Work Queue Items'\r\n@@'OutputSchema:ListRecordsWithOrganizationResponse': '-900572733'\r\n@@connectionDisplayName: 'Crcd171_shared_commondataserviceforapps_4452884f'\r\nExternal.InvokeCloudConnector Connection: '59ab788d-e3fe-44be-a7e2-4b8c4454a920' ConnectorId: '/providers/Microsoft.PowerApps/apis/shared_commondataserviceforapps' OperationId: 'ListRecordsWithOrganization' @organization: $'''https://orgab859106.crm.dynamics.com''' @entityName: $'''workqueueitems''' @'$filter': $'''_workqueueid_value eq \\'%workqueueID%\\'''' @'$top': 10 @ListRecordsWithOrganizationResponse=&gt; varWQItemList\r\n@@copilotGeneratedAction: 'True'\r\nExcel.LaunchExcel.Launch Visible: True LoadAddInsAndMacros: False Instance=&gt; ExcelInstance\r\nSET varRow TO 1\r\nSET varDataFlag TO $'''N'''\r\nLOOP FOREACH CurrentItem IN varWQItemList.value\r\n    IF CustomFormData['varInputDataFlag'] = $'''True''' THEN\r\n        Excel.WriteToExcel.WriteCell Instance: ExcelInstance Value: CurrentItem['input'] Column: $'''A''' Row: varRow\r\n    ELSE\r\n        Excel.WriteToExcel.WriteCell Instance: ExcelInstance Value: CurrentItem Column: $'''A''' Row: varRow\r\n    END\r\n    Variables.IncreaseVariable Value: varRow IncrementValue: 1\r\nEND\r\nDateTime.GetCurrentDateTime.Local DateTimeFormat: DateTime.DateTimeFormat.DateAndTime CurrentDateTime=&gt; CurrentDateTime\r\nText.ConvertDateTimeToText.FromCustomDateTime DateTime: CurrentDateTime CustomFormat: $'''yyyy-MM-dd-hhmmsstt''' Result=&gt; FormattedDateTime\r\nSET varFileName TO $'''C:\\\\RPA\\\\WQItems\\\\WorkQueueItems-%FormattedDateTime%.xlsx'''\r\nExcel.SaveExcel.SaveAs Instance: ExcelInstance DocumentFormat: Excel.ExcelFormat.OpenXmlWorkbook DocumentPath: varFileName\r\n@@copilotGeneratedAction: 'True'\r\nExcel.CloseExcel.CloseAndSave Instance: ExcelInstance\r\n@@copilotGeneratedAction: 'True'\r\n**ENDREGION\r\nFUNCTION sf_GetWorkQueueId GLOBAL\r\n    @@organization: 'myenterpriseai (default)'\r\n@@entityName: 'Work Queues'\r\n@@'OutputSchema:ListRecordsWithOrganizationResponse': '741645882'\r\n@@connectionDisplayName: 'Crcd171_shared_commondataserviceforapps_4452884f'\r\nExternal.InvokeCloudConnector Connection: '59ab788d-e3fe-44be-a7e2-4b8c4454a920' ConnectorId: '/providers/Microsoft.PowerApps/apis/shared_commondataserviceforapps' OperationId: 'ListRecordsWithOrganization' @organization: $'''https://orgab859106.crm.dynamics.com''' @entityName: $'''workqueues''' @ListRecordsWithOrganizationResponse=&gt; ListRecordsWithOrganizationResponse\r\n    DISABLE Display.ShowMessageDialog.ShowMessage Message: ListRecordsWithOrganizationResponse Icon: Display.Icon.None Buttons: Display.Buttons.OK DefaultButton: Display.DefaultButton.Button1 IsTopMost: False ButtonPressed=&gt; ButtonPressed3\r\n    LOOP FOREACH CurrentItem2 IN ListRecordsWithOrganizationResponse.value\r\n        IF CurrentItem2.name = WorkQueueName THEN\r\n            SET workqueueID TO CurrentItem2.workqueueid\r\n            DISABLE Display.ShowMessageDialog.ShowMessage Title: $'''WorkID''' Message: workqueueID Icon: Display.Icon.None Buttons: Display.Buttons.OK DefaultButton: Display.DefaultButton.Button1 IsTopMost: False ButtonPressed=&gt; ButtonPressed\r\n            EXIT FUNCTION\r\n        END\r\n    END\r\nEND FUNCTION\r\nFUNCTION sf_GetWorkQueues GLOBAL\r\n    @@organization: 'myenterpriseai (default)'\r\n@@entityName: 'Work Queues'\r\n@@'OutputSchema:ListRecordsWithOrganizationResponse': '741645882'\r\n@@connectionDisplayName: 'Crcd171_shared_commondataserviceforapps_4452884f'\r\nExternal.InvokeCloudConnector Connection: '59ab788d-e3fe-44be-a7e2-4b8c4454a920' ConnectorId: '/providers/Microsoft.PowerApps/apis/shared_commondataserviceforapps' OperationId: 'ListRecordsWithOrganization' @organization: $'''https://orgab859106.crm.dynamics.com''' @entityName: $'''workqueues''' @ListRecordsWithOrganizationResponse=&gt; varWQList\r\n    Variables.CreateNewList List=&gt; varWorkQueuesList\r\n    LOOP FOREACH CurrentItem2 IN varWQList.value\r\n        Variables.AddItemToList Item: CurrentItem2.name List: varWorkQueuesList\r\n    END\r\nEND FUNCTION\r\n"</Definition>
      <SchemaVersion>2022.07</SchemaVersion>
      <DesktopFlowModules>[]</DesktopFlowModules>
      <PrimaryEntity>none</PrimaryEntity>
      <LocalizedNames>
        <LocalizedName languagecode="1033" description="DF-ExportWQItems" />
      </LocalizedNames>
    </Workflow>
  </Workflows>
  <FieldSecurityProfiles></FieldSecurityProfiles>
  <Templates />
  <EntityMaps />
  <EntityRelationships />
  <OrganizationSettings />
  <optionsets />
  <CustomControls />
  <EntityDataProviders />
  <Languages>
    <Language>1033</Language>
  </Languages>
</ImportExportXml>