<desktopflowbinary desktopflowbinaryid="f1ef56c9-bc76-480a-8149-a981d8c3effc">
  <data mimetype="application/json">ControlRepository_b419273f-3911-45ee-ae4c-e6fe53cf5801.json</data>
  <iscustomizable>1</iscustomizable>
  <metadata>{}</metadata>
  <mimetype>application/json</mimetype>
  <name>Desktop flow ui elements</name>
  <process>
    <workflowid>964c3851-8dd1-44cf-83ef-57053a84ce10</workflowid>
  </process>
  <reference>controlRepo.appmask</reference>
  <statecode>0</statecode>
  <statuscode>1</statuscode>
  <type>ControlRepository</type>
</desktopflowbinary>